{
    "loss": 1.2614127397537231,
    "accuracy": 0.8992805480957031
}