{
    "loss": 6.014273643493652,
    "accuracy": 0.5035971403121948
}